Leech,5
Venomous Leech,1
Tesla,35
Pink Jellyfish,10
Giant Carnivorous Plankton,20
Cod,15
Barracuda,250
Shredder,25
Sand Ray,40
Tae-Su,200
Sea Snake,55
Baltoise,295
Megamouth,295
Culcan,500
Rat,2
Frog,1
Poison Arrow Frog,50
Poison Dart Frog,50
Smoky Bog Amedon,430
Burning Reed Amedon,380
Blind Amphibia,320
Yorilla,500
Confused Yorilla,535
Madzume Yorilla,610
Raja-Yorilla,565
Utsanna Raja-Yorilla,700
Sezuma Yorilla,720
Jellyfish,8
Infant Meshra,2
Green Meshra,15
Mottled Meshra,25
Lair Guardian,35
Elder Guardian,80
Glacier Meshra,220
Deep Meshra,175
Blood Meshra,190
Vermine,5
Large Vermine,10
Giant Vermine,18
Death Vermine,35
Large Death Vermine,275
Dark Vermine,100
Cereb Vermine,325
Large Cereb Vermine,370
Demonic Vermine,115
Cavern Rat,50
Valley Rat,80
Snow Vermine,37
Fire Rat,20
Lava Vermine,30
Bat,8
Lith Bat,25
Flying Foxweir,400
Seta Lizard,190
Herpetad,20
Herpetid,50
Magnum Herpetid,140
Water Lizard,25
Young Rockodile,12
Adult Rockodile,40
Great Rockodile,80
Young Andvari,200
Andvari,325
Utsanna Andvari,370
Co'Acha,2
Ona Chigger,5
Venomous Chigger,40
Juliosaur,1010
Emerald Scorp,6
Ebon Scorp,10
Myrm Farmer,5
Myrm Worker,6
Myrm Scout,8
Male Myrm,15
Myrm Protector,18
Warrior Myrm,30
Noble Myrm,40
Royal Myrm,60
Queen Myrm,240
Dragonfly,10
Red Dragonfly,12
Deadly Wasp,35
Lava Beetle,280
Fire Beetle,260
Scarab Beetle,200
Stinging Beetle,295
Forest Chamelopod,160
Cave Chamelopod,240
Blymoid,50
Blymoid Blocker,80
Blymoid Breaker,105
Island Locust,8
Vile Cricket,50
Island Mantis,350
Butterfly,1
Baby Wendecka,20
Wendecka,35
Elder Wendecka,45
Mama Wendecka,75
Mama Night Wendecka,100
Baby Night Wendecka,25
Night Wendecka,90
Elder Night Wendecka,105
Dawn Wendecka,150
Day Wendecka,150
Dusk Wendecka,210
Midnight Wendecka,290
Twilight Wendecka,385
Large Twilight Wendecka,495
Gloaming Wendecka,460
Large Gloaming Wendecka,565
Large Midnight Wendecka,385
Young Sasquatch,325
Angry Mother Sasquatch,470
Snow Cougar,60
Maha Ruknee,70
Sky Maha,95
Cloud Maha,95
Savannah Maha,85
Plains Maha Ruknee,90
Albino Maha,295
Ice Maha Ruknee,285
Cave Maha Ruknee,210
Island Panther,15
Rodíçn Panther,15
Utsanna Haremau,760
Haremau,585
Artak Cougar,30
Summer Artak,35
Bolok Cougar,50
Sand Tiger,135
Valley Cougar,290
Valley Panther,365
Pumace,100
Puma,305
Rudremau,445
Haremau Kitten,395
Feral,25
Grey Feral,28
Brown Feral,35
Snow Feral,155
Large Feral,60
Giant Feral,90
Dire Feral,150
Swamp Feral,125
Guard Dog,150
Darshak War Hound,170
Foxweir Pup,1
Foxweir,25
Umber Foxweir,120
Vixen,100
Giant Foxweir,135
Brown Bear,40
Grizzly Bear,55
Honey Bear,85
Chestnut Bear,140
Chocolate Bear,160
Cinder Bear,230
Polar Bear,250
Tree Giant,210
Willow Giant,235
Oak Giant,270
Sturdy Oak Giant,415
Ash Giant,380
Redwood Giant,415
Ironwood Giant,490
Frost Giant,395
Ice Giant,440
Greymyr,265
Mud Golem,410
Ice Greymyr,460
Basalt Greymyr,500
Ancient Greymyr,600
Fiery Bubble,60
Lava Walker,200
Torched Fervor,350
Carrion Arachne,5
Deadly Arachne,10
Small Arachne,15
Arachne,20
Cave Arachne,35
Dust Arachne,50
Web Arachne,75
Mammoth Arachne,45
Vagrant Arachne,270
Stone Arachne,365
Wall Arachne,400
Recluse Arachne,455
Violne Arachne,495
Mammoth Stone Arachne,550
Mammoth Recluse Arachne,545
Black Widow,390
Grey Arachnoid,45
Purple Arachnoid,55
Striped Arachnoid,75
Blue Arachnoid,100
Green Arachnoid,210
Jade Arachnoid,295
Emerald Arachnoid,535
Olive Arachnoid,355
Malachite Arachnoid,435
Azurite Arachnoid,530
Striped Azurite Arachnoid,555
Crimson Arachnoid,635
Pitch Arachnoid,720
Albino Arachnoid,740
Slate Arachnoid,905
Hooded Corpse,25
Underwater Corpse,25
Corpse Warrior,35
Shambling Corpse,110
Walking Corpse,180
Death Furie,200
Detached Spirit,20
Faithless,75
Hooded Shadow,230
Wraith,155
Tortured Soul,105
Greater Wraith,210
Wailing Spirit,215
Ghastly Presence,400
Lesser Spectre,50
Banshee,290
Curate,355
The Curator,310
Guardian of the Item,440
Skeletal,6
Giant Skeletal,20
Skeletal Rage,50
Abyssal Hunter,550
Frozen Abyssal Hunter,595
Revour,340
Darshak Liche,440
Greater Death,820
Dal'Noth,100
Kal'Noth,140
Zol'Noth,220
Vel'Noth,235
Gar'Noth,245
Sar'Noth,270
Xar'Noth,370
Tuz'Noth,470
Hel'Noth,400
Neodew,35
Mildew,50
Wildew,70
Hardew,100
Grandew,120
Wickedew,250
Pallidew,310
Landew,500
Harvest Lyfelidae,120
Snow Lyfelidae,160
Blue Lyfelidae,190
Wyrm Lyfelidae,225
Hunter's Lyfelidae,260
Pink Lyfelidae,285
Thunder Lyfelidae,315
Flower Lyfelidae,345
Tae-Su Lyfelidae,370
Orgaberry Lyfelidae,400
Starbuck Lyfelidae,450
Cold Lyfelidae,470
Scavenger Bird,1
Common Vulture,50
Uncommon Vulture,65
Saber Owl,50
Bloodhawk,20
Agronox,530
Wyvern,370
Lesser Astral Drake,300
Astral Wyrm,500
Forest Drake,335
Fire Drake,650
Frozen Drake,650
Fenix,1
Ethereal Slug,200
Ethereal Walker,210
Ethereal Stalker,300
Ethereal Scarmis Warrior,540
Ethereal Golem,450
Ethereal Chamelopod,550
Ethereal Skeletal,600
Cloud of Ether,500
Giant Slug,10
Scavenger Wurm,25
Cave Wurm,25
Carnivorous Wurm,150
Tahxis Wurm,190
Large Tahxis Wurm,235
Sand Wurm,35
Large Sand Wurm,220
Lesser Sand Wurm,380
Possessed Amakua,925
Dra'ryx,30
Ripper,235
Sazaja,690
Ember Wyrm,335
Serac Wyrm,465
Grey Wyrm,200
Blood Wyrm,290
Sun Wyrm,440
Earth Wyrm,740
Baby Plesio'don,460
Lesser Sarra'don,560
Sarra'don,715
Lesser Sarra'yrm,845
Sarra'yrm,940
Orc,8
T'rool,25
Ko'Kin,50
Gob'Kin,95
Hob'Kin,115
VolKin,160
Winged Snake,10
Boma Winder,40
Crota Winder,45
Venomous Crota Winder,50
Raste Winder,50
Venomous Raste Winder,55
Repens Winder,70
Venomous Repens Winder,75
Deadly Adder,40
Venomous Deadly Adder,50
Carin Viper,100
Venomous Carin Viper,110
Chami Cobra,225
Venomous Chami Cobra,235
Forest Cobra,270
Venomous Forest Cobra,300
Cave Cobra,320
Venomous Cave Cobra,320
Acid Cobra,305
Black Mamba,505
Tok'Han Spawn,40
Grey Tok'Han,280
Olive Tok'Han,365
Russet Tok'Han,420
Green Tok'Han,570
Lime Tok'Han,685
Emerald Tok'Han,720
Tok'Han Shaman,310
Crawler,8
Giant Crawler,45
Green Crawler,55
Deadly Crawler,200
Pazu-Ohwi,210
Scarmis Larva,100
Scarmis Harvester,210
Scarmis Forager,270
Scarmis Tunneler,305
Scarmis Warrior,340
Scarmis Attendant,370
Scarmis Eunuch,670
Scarmis Queen,495
Mantuan,1010
Voolcon,20
Wuss,1
Carnivorous Tor,8
Bloodthorn,8
Goat,25
Wild Boar,150
Horse,1
Starbuck,15
Spriggin,55
Swamp Gas,15
Slime Monster,260
Tipulid,1250
Astral Guardian,360
Castle Guard,45
Honor Guard,90
Guard Veteran,50
Guard Tosser,75
Guard Commander,120
Honor Guard Veteran,110
Dark Knight,235
Captain of the Guard,160
Honor Knight,265
Honor Guard Captain,200
Gan Vara Soldier,200
Gan Vara Warrior,220
Gan Vara Elite,265
Sulran Soldier,215
Sulran Warrior,340
Sulran Elite,535
Kudzu,1
Sun-Zu,1
Moon-Zu,1
Bluli,1
Nightli,1
Earthzu,1
Tangleweed,1
Tangletree,1
Vine Rose,1
Hellebore,315
Star Flower,20
Vicious Star Flower,25
Deadly Poppy,11
Pumpkin,1
Jack-o-Lantern,1
Darshak Thug,30
Darshak Sailor,40
Darshak Marine,45
Darshak Scout,35
Darshak Blade,100
Darshak Sentry,225
Darshak Veteran,290
Darshak Defender,600
Darshak Raider,450
Feral Pup,10
Darshak Marauder,635
Darshak Skirmisher,375
Darshak Brute,200
Darshak Guard,405
Darshak Guardian,500
Darshak Carouser,515
Darshak Pillager,430
Darshak Mercenary,660
Darshak Ravager,555
Darshak Captain,125
Bodyguard,420
High Priest,325
Darshak Tug,30
Darshak Warship,395
Darshak Corsair,525
Darshak Acolyte,30
Darshak Priest,200
Necromancer,200
Orga,12
Orga Warrior,25
Orga Anger,60
Orga Spite,180
Orga Envy,320
Frost Orga,90
Orga Shaman,55
Orga Mudang,330
Orga Warlock,185
Orga Hemlock,240
Orga Mallock,340
Orga Dredlock,450
Orga Direlock,655
Orga Traylock,375
Orga Callock,560
Orga Fellock,740
Orga Magician,120
Orga Berserk,65
Old Orga Berserker,70
Orga Berserker,75
Orga Rage,225
Orga Fury,270
Orga Wrath,335
Orga Frenzy,395
Orga Hatred,535
Orga Malice,590
Orga Loathing,740
Orga Zealot,240
Orga Razzia,300
Orga Petulant,285
Bartok,600
Black Locust,615
Wake Me Up,200
Corsica,200
Dark Recluse,845
Fire Dra'ryx,50
Water Burst,200
Watery Guardian,415
Ethereal Wurm,500
Darshak Necromancer,600
Darshak Rebel Roustabout,350
Darshak Rebel Swordsman,470
Turmoil,350
Ethereal Spume,400
Albino Flying Foxweir,615
Crypt Rat,510
Spectral Haremau Kitten,590
Spectral Rudremau,685
Spectral Greymyr,765
Spectral Amedon,600
Spectral Sazaja,865
Black Mantis,630
Spectral Yorilla,815
Crypt Mamba,680
Mange Feral,430
Blight Feral,460
Darshak Woodsman,330
Darshak Petty Officer,385
Greater Spectre,300
Darshak Harrier,355
Darshak Tracker,335
Elite Darshak Skirmisher,375
Experienced Darshak Captain,410
Myrm Chevalier,530
Myrm Marquis,515
Leafcutter Myrm,420
Myrm Gatherer,305
Myrm Patrician,405
Myrm Defender,410
Myrm Vagabond,410
Myrm Tunneler,480
Timber Feral,365
Rabid Timber Feral,395
Barrens Feral,465
Darshak Swabbie,25
Fire Myrm,525
Tree Giant Wight,385
Blight Shade,640
Darshak Bloodwrath,550
Darshak Ancient,790
Darshak Brawler,530
Mushroom (Purple),5
Mushroom (Brown),5
Darshak Spirit,520
Carrion Beetle,540
Bar'Kin,415
Jun'Kin,380
Deth'Kin,435
Gaw'Kin,435
Orf'Kin,425
Kil'Kin,575
Lava Elemental,520
Ctenizidae,820
Tearer,520
Florese Vermine,470
Banana Arachne,495
Corpse Knight,480
Corrosive Corpse,500
Darshak Assassin,515
Darshak Bodysnatcher,350
Darshak Houndsman,525
Darshak Pyromancer,680
Darshak Rebel Swashbuckler,690
Darshak Slave Master,680
Starved Blight Feral,520
Trained Barrens Feral,525
Unstable Stitchling,200
Lesser Stitchling,545
Ancient Darshak Liche,630
Mossy Greymyr,435
Greater Liche,910
Chosen Host,475
Mammoth Banana Arachne,610
Mammoth ViolíÂne Arachne,705
Darshak Rebel Commander,700
Darshak Seamstress,780
Hell Boar,505
Darshak Slaver,410
Darshak Brava,530
Darshak Ruffian,470
Vermine Arachne,520
Darshak Overseer,795
Cavern Wurm,530
Lava Wurm,555
Fellbuck,280
River Crawler,225
Cave Maha Rukness,240
Bog Feral,240
River Lizard,220
Tuder Mander,200
Mild Mander,215
Striped Jade Arachnoid,535
Viper Tok'Han,575
Brackwater Leech,310
Flood Meshra,450
Nocens Winder,450
Reedcat,520
Sortoise,500
Spicy Mander,450
Large Eukaryid,275
Small Eukaryid,225
Razu-Ohwi,200
Elite Eukaryid,305
Blind Meshra,500
Ebb Meshra,510
Infant Ebb Meshra,125
Ebb Meshra Warden,600
Deadly Hornet,530
Flotsam Meshra,480
Delta Toad,525
Green Sea Beetle,555
Megabite,480
Riptide Meshra,510
Gitoise,535
Smoky Mander,500
Lowland Hawk,480
Riptide Reaver,680
Nakika,580
Parrot,5
Foil Vulture,135
Lord of the Undermarsh,785
Horseshoe Crawler,360
Reedcat Stalker,550
Madzume Andvari,900
Mazarine Crawler,385
Booty Crawler,385
Royal Seahorse,390
Striped Seasteed,360
Mountain Krait,600
Mountain Wasp,625
Swarm of Bees,630
Fleet Foxweir,650
Fickle Foxweir,595
Shadowcat,610
Starstag,690
Mountain Bear,625
Mountain Grizzly Bear,655
Smoky Bear,665
Dire Bear,675
Lost Bear,960
Solar Bear,675
Wild Stallion,710
Sky Bison,725
Mountain Bison,735
Hickory Giant,725
Shadowcat Huntress,730
Giant River Lizard,745
Abominable Snow Yorilla,805
Frost Yorilla,740
Alpine Timber Feral,725
Frost Foxweir,735
Blizzard Greymyr,680
Snowstag,755
Glacier Bear Cub,700
Glacier Bear,820
Mistral Kestrel,875
Crookbeak Kestrel,815
Venomous Boma Winder,46
Honor Guard Commander,210
Snowcat,410
Shadowcat Warqueen,810
Hungry Hell Boar,815
Lowland Panther,780
Tawny Yorilla,780
Mountain Goat,775
Mountain Panther,1000
Utsanna Tawny Yorilla,930
Fledgling Kestrel,830
Lunar Bear Guardian,760
Hungry Hungry Hellebore,540
(Super) Crookbeak Kestrel,950
Mountain Bear Chieftain,1085
Whipper Wyrm,265
Hooded Guardian,50
Skeletal Guardian,20
Mammoth Org,1010
Myrm Matriarch,835
Overgrown Greymyr,820
Gruff Mountain Goat,845
Toisicle,870
Mountain Greymyr,1240
Mountain Rat,210
Terrabite,830
Org,755
Blephat,745
Rifter,810
Raven,1015
Alpine Goat,910
Electrified Fogbank,750
Young Org,425
Rare Vulture,100
Hungry Mountain Bear,640
Beehive,100
Mauling Spirit,830
Crushing Spirit,800
Damaged Spirit,800
Haunting Shade,700
Silverback Night Wendecka,220
Paradise Butterfly,200
Greater Blymoid,140
Greater Guardian,190
Giayl,1250
Trainer Spirit,900
Midsummer Maha Ruknee,140
Silverback Wendecka,180
Darshak Punk,450
Veteran Darshak Captain,40
Ore Weaver Arachne,745
Skeletal Hunger,1300
Bluff Billy Goat,900
Rocky Rai-Koon,750
Dark Myotis,1025
Skeletal Monk,1455
Dar'kin,735
Dar'kin Thrall,730
Gho-Wei Ghoulish,900
Flint Foxweir,750
Nocturne Wendecka,775
Red Bandit,855
Sao-La Starfawn,795
Bamboo Wildcat,890
Bamboo Mantis,755
Dar'kin Shadow,650
Fuu Nomad Shadow,750
Pan Guardian Shadow,740
Indigo Ravenhawk,855
Fang Warrior Shadow,670
Withering Priestess,1150
Eolith Crawler,715
Komodo Drakewyrm,665
Rust Blymoid,765
Pan-Dai Bear,1215
Sao-La Starstag,995
Mako Mouth,690
Aurora Wendecka,885
Elder Tae-Su,670
Rai-Koon,690
Indigo Crowlet,670
Gho-Wei Inkling,1200
Su Monk Shadow,525
Monsoon Drake,1600
Avalanche Meshra,1
Stone Wall,200
Anguished Spirit,450
Ice'kin,850
Justus,900
Blastus,900
Veritus,900
Industrus,900
Histus,900
Gho-Wei Carnivant,1350
Rotting Corpse,1170
Rotting Stare,1245
Fire Vermine,30
